year,category,winner,entity
1930,DIRECTING,FALSE,Cimarron
1930,DIRECTING,FALSE,A Free Soul
1930,DIRECTING,FALSE,The Front Page
1930,DIRECTING,FALSE,Morocco
1930,DIRECTING,TRUE,Skippy
1931,DIRECTING,TRUE,Bad Girl
1931,DIRECTING,FALSE,The Champ
1931,DIRECTING,FALSE,Shanghai Express
1932,DIRECTING,TRUE,Cavalcade
1932,DIRECTING,FALSE,Lady for a Day
1932,DIRECTING,FALSE,Little Women
1934,DIRECTING,TRUE,It Happened One Night
1934,DIRECTING,FALSE,One Night of Love
1934,DIRECTING,FALSE,The Thin Man
1935,DIRECTING,FALSE,Captain Blood
1935,DIRECTING,TRUE,The Informer
1935,DIRECTING,FALSE,The Lives of a Bengal Lancer
1935,DIRECTING,FALSE,Mutiny on the Bounty
1936,DIRECTING,FALSE,Dodsworth
1936,DIRECTING,FALSE,The Great Ziegfeld
1936,DIRECTING,TRUE,Mr. Deeds Goes to Town
1936,DIRECTING,FALSE,My Man Godfrey
1936,DIRECTING,FALSE,San Francisco
1937,DIRECTING,TRUE,The Awful Truth
1937,DIRECTING,FALSE,The Good Earth
1937,DIRECTING,FALSE,The Life of Emile Zola
1937,DIRECTING,FALSE,Stage Door
1937,DIRECTING,FALSE,A Star Is Born
1938,DIRECTING,FALSE,Angels with Dirty Faces
1938,DIRECTING,FALSE,Boys Town
1938,DIRECTING,FALSE,The Citadel
1938,DIRECTING,FALSE,Four Daughters
1938,DIRECTING,TRUE,You Can't Take It with You
1939,DIRECTING,TRUE,Gone with the Wind
1939,DIRECTING,FALSE,"Goodbye, Mr. Chips"
1939,DIRECTING,FALSE,Mr. Smith Goes to Washington
1939,DIRECTING,FALSE,Stagecoach
1939,DIRECTING,FALSE,Wuthering Heights
1940,DIRECTING,TRUE,The Grapes of Wrath
1940,DIRECTING,FALSE,Kitty Foyle
1940,DIRECTING,FALSE,The Letter
1940,DIRECTING,FALSE,The Philadelphia Story
1940,DIRECTING,FALSE,Rebecca
1941,DIRECTING,FALSE,Citizen Kane
1941,DIRECTING,FALSE,Here Comes Mr. Jordan
1941,DIRECTING,TRUE,How Green Was My Valley
1941,DIRECTING,FALSE,The Little Foxes
1941,DIRECTING,FALSE,Sergeant York
1942,DIRECTING,FALSE,Kings Row
1942,DIRECTING,TRUE,Mrs. Miniver
1942,DIRECTING,FALSE,Random Harvest
1942,DIRECTING,FALSE,Wake Island
1942,DIRECTING,FALSE,Yankee Doodle Dandy
1943,DIRECTING,TRUE,Casablanca
1943,DIRECTING,FALSE,Heaven Can Wait
1943,DIRECTING,FALSE,The Human Comedy
1943,DIRECTING,FALSE,The More the Merrier
1943,DIRECTING,FALSE,The Song of Bernadette
1944,DIRECTING,FALSE,Double Indemnity
1944,DIRECTING,TRUE,Going My Way
1944,DIRECTING,FALSE,Laura
1944,DIRECTING,FALSE,Lifeboat
1944,DIRECTING,FALSE,Wilson
1944,BEST MOTION PICTURE,FALSE,Double Indemnity
1944,BEST MOTION PICTURE,FALSE,Gaslight
1944,BEST MOTION PICTURE,TRUE,Going My Way
1944,BEST MOTION PICTURE,FALSE,Since You Went Away
1944,BEST MOTION PICTURE,FALSE,Wilson
1945,DIRECTING,FALSE,The Bells of St. Mary's
1945,DIRECTING,TRUE,The Lost Weekend
1945,DIRECTING,FALSE,National Velvet
1945,DIRECTING,FALSE,The Southerner
1945,DIRECTING,FALSE,Spellbound
1945,BEST MOTION PICTURE,FALSE,Anchors Aweigh
1945,BEST MOTION PICTURE,FALSE,The Bells of St. Mary's
1945,BEST MOTION PICTURE,TRUE,The Lost Weekend
1945,BEST MOTION PICTURE,FALSE,Mildred Pierce
1945,BEST MOTION PICTURE,FALSE,Spellbound
1946,DIRECTING,TRUE,The Best Years of Our Lives
1946,DIRECTING,FALSE,Brief Encounter
1946,DIRECTING,FALSE,It's a Wonderful Life
1946,DIRECTING,FALSE,The Killers
1946,DIRECTING,FALSE,The Yearling
1946,BEST MOTION PICTURE,TRUE,The Best Years of Our Lives
1946,BEST MOTION PICTURE,FALSE,Henry V
1946,BEST MOTION PICTURE,FALSE,It's a Wonderful Life
1946,BEST MOTION PICTURE,FALSE,The Razor's Edge
1946,BEST MOTION PICTURE,FALSE,The Yearling
1947,DIRECTING,FALSE,The Bishop's Wife
1947,DIRECTING,FALSE,Crossfire
1947,DIRECTING,FALSE,A Double Life
1947,DIRECTING,TRUE,Gentleman's Agreement
1947,DIRECTING,FALSE,Great Expectations
1947,BEST MOTION PICTURE,FALSE,The Bishop's Wife
1947,BEST MOTION PICTURE,FALSE,Crossfire
1947,BEST MOTION PICTURE,TRUE,Gentleman's Agreement
1947,BEST MOTION PICTURE,FALSE,Great Expectations
1947,BEST MOTION PICTURE,FALSE,Miracle on 34th Street
1948,DIRECTING,FALSE,Hamlet
1948,DIRECTING,FALSE,Johnny Belinda
1948,DIRECTING,FALSE,The Search
1948,DIRECTING,FALSE,The Snake Pit
1948,DIRECTING,TRUE,The Treasure of the Sierra Madre
1948,BEST MOTION PICTURE,TRUE,Hamlet
1948,BEST MOTION PICTURE,FALSE,Johnny Belinda
1948,BEST MOTION PICTURE,FALSE,The Red Shoes
1948,BEST MOTION PICTURE,FALSE,The Snake Pit
1948,BEST MOTION PICTURE,FALSE,The Treasure of the Sierra Madre
1949,DIRECTING,FALSE,All the King's Men
1949,DIRECTING,FALSE,Battleground
1949,DIRECTING,FALSE,The Fallen Idol
1949,DIRECTING,FALSE,The Heiress
1949,DIRECTING,TRUE,A Letter to Three Wives
1949,BEST MOTION PICTURE,TRUE,All the King's Men
1949,BEST MOTION PICTURE,FALSE,Battleground
1949,BEST MOTION PICTURE,FALSE,The Heiress
1949,BEST MOTION PICTURE,FALSE,A Letter to Three Wives
1949,BEST MOTION PICTURE,FALSE,Twelve O'Clock High
1950,DIRECTING,TRUE,All about Eve
1950,DIRECTING,FALSE,The Asphalt Jungle
1950,DIRECTING,FALSE,Born Yesterday
1950,DIRECTING,FALSE,Sunset Blvd.
1950,DIRECTING,FALSE,The Third Man
1950,BEST MOTION PICTURE,TRUE,All about Eve
1950,BEST MOTION PICTURE,FALSE,Born Yesterday
1950,BEST MOTION PICTURE,FALSE,Father of the Bride
1950,BEST MOTION PICTURE,FALSE,King Solomon's Mines
1950,BEST MOTION PICTURE,FALSE,Sunset Blvd.
1951,DIRECTING,FALSE,The African Queen
1951,DIRECTING,FALSE,An American in Paris
1951,DIRECTING,FALSE,Detective Story
1951,DIRECTING,TRUE,A Place in the Sun
1951,DIRECTING,FALSE,A Streetcar Named Desire
1951,BEST MOTION PICTURE,TRUE,An American in Paris
1951,BEST MOTION PICTURE,FALSE,Decision before Dawn
1951,BEST MOTION PICTURE,FALSE,A Place in the Sun
1951,BEST MOTION PICTURE,FALSE,Quo Vadis
1951,BEST MOTION PICTURE,FALSE,A Streetcar Named Desire
1952,DIRECTING,FALSE,Five Fingers
1952,DIRECTING,FALSE,The Greatest Show on Earth
1952,DIRECTING,FALSE,High Noon
1952,DIRECTING,FALSE,Moulin Rouge
1952,DIRECTING,TRUE,The Quiet Man
1952,BEST MOTION PICTURE,TRUE,The Greatest Show on Earth
1952,BEST MOTION PICTURE,FALSE,High Noon
1952,BEST MOTION PICTURE,FALSE,Ivanhoe
1952,BEST MOTION PICTURE,FALSE,Moulin Rouge
1952,BEST MOTION PICTURE,FALSE,The Quiet Man
1953,DIRECTING,TRUE,From Here to Eternity
1953,DIRECTING,FALSE,Lili
1953,DIRECTING,FALSE,Roman Holiday
1953,DIRECTING,FALSE,Shane
1953,DIRECTING,FALSE,Stalag 17
1953,BEST MOTION PICTURE,TRUE,From Here to Eternity
1953,BEST MOTION PICTURE,FALSE,Julius Caesar
1953,BEST MOTION PICTURE,FALSE,The Robe
1953,BEST MOTION PICTURE,FALSE,Roman Holiday
1953,BEST MOTION PICTURE,FALSE,Shane
1954,DIRECTING,FALSE,The Country Girl
1954,DIRECTING,FALSE,The High and the Mighty
1954,DIRECTING,TRUE,On the Waterfront
1954,DIRECTING,FALSE,Rear Window
1954,DIRECTING,FALSE,Sabrina
1954,BEST MOTION PICTURE,FALSE,The Caine Mutiny
1954,BEST MOTION PICTURE,FALSE,The Country Girl
1954,BEST MOTION PICTURE,TRUE,On the Waterfront
1954,BEST MOTION PICTURE,FALSE,Seven Brides for Seven Brothers
1954,BEST MOTION PICTURE,FALSE,Three Coins in the Fountain
1955,DIRECTING,FALSE,Bad Day at Black Rock
1955,DIRECTING,FALSE,East of Eden
1955,DIRECTING,TRUE,Marty
1955,DIRECTING,FALSE,Picnic
1955,DIRECTING,FALSE,Summertime
1955,BEST MOTION PICTURE,FALSE,Love Is a Many-Splendored Thing
1955,BEST MOTION PICTURE,TRUE,Marty
1955,BEST MOTION PICTURE,FALSE,Mister Roberts
1955,BEST MOTION PICTURE,FALSE,Picnic
1955,BEST MOTION PICTURE,FALSE,The Rose Tattoo
1956,DIRECTING,FALSE,Around the World in 80 Days
1956,DIRECTING,FALSE,Friendly Persuasion
1956,DIRECTING,TRUE,Giant
1956,DIRECTING,FALSE,The King and I
1956,DIRECTING,FALSE,War and Peace
1956,FOREIGN LANGUAGE FILM,FALSE,The Captain of Kopenick
1956,FOREIGN LANGUAGE FILM,FALSE,Gervaise
1956,FOREIGN LANGUAGE FILM,FALSE,Harp of Burma
1956,FOREIGN LANGUAGE FILM,TRUE,La Strada
1956,FOREIGN LANGUAGE FILM,FALSE,Qivitoq
1956,BEST MOTION PICTURE,TRUE,Around the World in 80 Days
1956,BEST MOTION PICTURE,FALSE,Friendly Persuasion
1956,BEST MOTION PICTURE,FALSE,Giant
1956,BEST MOTION PICTURE,FALSE,The King and I
1956,BEST MOTION PICTURE,FALSE,The Ten Commandments
1957,DIRECTING,TRUE,The Bridge on the River Kwai
1957,DIRECTING,FALSE,Peyton Place
1957,DIRECTING,FALSE,12 Angry Men
1957,FOREIGN LANGUAGE FILM,FALSE,The Devil Came at Night
1957,FOREIGN LANGUAGE FILM,FALSE,Gates of Paris
1957,FOREIGN LANGUAGE FILM,FALSE,Mother India
1957,FOREIGN LANGUAGE FILM,TRUE,The Nights of Cabiria
1957,FOREIGN LANGUAGE FILM,FALSE,Nine Lives
1957,BEST MOTION PICTURE,TRUE,The Bridge on the River Kwai
1957,BEST MOTION PICTURE,FALSE,Peyton Place
1957,BEST MOTION PICTURE,FALSE,Sayonara
1957,BEST MOTION PICTURE,FALSE,12 Angry Men
1957,BEST MOTION PICTURE,FALSE,Witness for the Prosecution
1958,DIRECTING,FALSE,Cat on a Hot Tin Roof
1958,DIRECTING,FALSE,The Defiant Ones
1958,DIRECTING,TRUE,Gigi
1958,DIRECTING,FALSE,I Want to Live!
1958,DIRECTING,FALSE,The Inn of the Sixth Happiness
1958,FOREIGN LANGUAGE FILM,FALSE,Arms and the Man
1958,FOREIGN LANGUAGE FILM,FALSE,La Venganza
1958,FOREIGN LANGUAGE FILM,TRUE,My Uncle
1958,FOREIGN LANGUAGE FILM,FALSE,The Road a Year Long
1958,FOREIGN LANGUAGE FILM,FALSE,The Usual Unidentified Thieves
1958,BEST MOTION PICTURE,FALSE,Auntie Mame
1958,BEST MOTION PICTURE,FALSE,Cat on a Hot Tin Roof
1958,BEST MOTION PICTURE,FALSE,The Defiant Ones
1958,BEST MOTION PICTURE,TRUE,Gigi
1958,BEST MOTION PICTURE,FALSE,Separate Tables
1959,DIRECTING,TRUE,Ben-Hur
1959,DIRECTING,FALSE,The Diary of Anne Frank
1959,DIRECTING,FALSE,The Nun's Story
1959,DIRECTING,FALSE,Room at the Top
1959,DIRECTING,FALSE,Some Like It Hot
1959,FOREIGN LANGUAGE FILM,TRUE,Black Orpheus
1959,FOREIGN LANGUAGE FILM,FALSE,The Bridge
1959,FOREIGN LANGUAGE FILM,FALSE,The Great War
1959,FOREIGN LANGUAGE FILM,FALSE,Paw
1959,FOREIGN LANGUAGE FILM,FALSE,The Village on the River
1959,BEST MOTION PICTURE,FALSE,Anatomy of a Murder
1959,BEST MOTION PICTURE,TRUE,Ben-Hur
1959,BEST MOTION PICTURE,FALSE,The Diary of Anne Frank
1959,BEST MOTION PICTURE,FALSE,The Nun's Story
1959,BEST MOTION PICTURE,FALSE,Room at the Top
1960,DIRECTING,TRUE,The Apartment
1960,DIRECTING,FALSE,Never on Sunday
1960,DIRECTING,FALSE,Psycho
1960,DIRECTING,FALSE,Sons and Lovers
1960,DIRECTING,FALSE,The Sundowners
1960,FOREIGN LANGUAGE FILM,FALSE,Kapo
1960,FOREIGN LANGUAGE FILM,FALSE,La Vï¿½ï¿½r
1960,FOREIGN LANGUAGE FILM,FALSE,Macario
1960,FOREIGN LANGUAGE FILM,FALSE,The Ninth Circle
1960,FOREIGN LANGUAGE FILM,TRUE,The Virgin Spring
1960,BEST MOTION PICTURE,FALSE,The Alamo
1960,BEST MOTION PICTURE,TRUE,The Apartment
1960,BEST MOTION PICTURE,FALSE,Elmer Gantry
1960,BEST MOTION PICTURE,FALSE,Sons and Lovers
1960,BEST MOTION PICTURE,FALSE,The Sundowners
1961,DIRECTING,FALSE,The Guns of Navarone
1961,DIRECTING,FALSE,The Hustler
1961,DIRECTING,FALSE,Judgment at Nuremberg
1961,DIRECTING,FALSE,La Dolce Vita
1961,DIRECTING,TRUE,West Side Story
1961,FOREIGN LANGUAGE FILM,FALSE,Harry and the Butler
1961,FOREIGN LANGUAGE FILM,FALSE,Immortal Love
1961,FOREIGN LANGUAGE FILM,FALSE,The Important Man
1961,FOREIGN LANGUAGE FILM,FALSE,Placido
1961,FOREIGN LANGUAGE FILM,TRUE,Through a Glass Darkly
1961,BEST MOTION PICTURE,FALSE,Fanny
1961,BEST MOTION PICTURE,FALSE,The Guns of Navarone
1961,BEST MOTION PICTURE,FALSE,The Hustler
1961,BEST MOTION PICTURE,FALSE,Judgment at Nuremberg
1961,BEST MOTION PICTURE,TRUE,West Side Story
1962,DIRECTING,FALSE,David and Lisa
1962,DIRECTING,FALSE,Divorce--Italian Style
1962,DIRECTING,TRUE,Lawrence of Arabia
1962,DIRECTING,FALSE,The Miracle Worker
1962,DIRECTING,FALSE,To Kill a Mockingbird
1962,FOREIGN LANGUAGE FILM,FALSE,Electra
1962,FOREIGN LANGUAGE FILM,FALSE,The Four Days of Naples
1962,FOREIGN LANGUAGE FILM,FALSE,Keeper of Promises (The Given Word)
1962,FOREIGN LANGUAGE FILM,TRUE,Sundays and Cybele
1962,FOREIGN LANGUAGE FILM,FALSE,Tlayucan
1962,BEST PICTURE,TRUE,Lawrence of Arabia
1962,BEST PICTURE,FALSE,The Longest Day
1962,BEST PICTURE,FALSE,Meredith Willson's The Music Man
1962,BEST PICTURE,FALSE,Mutiny on the Bounty
1962,BEST PICTURE,FALSE,To Kill a Mockingbird
1963,DIRECTING,FALSE,America America
1963,DIRECTING,FALSE,The Cardinal
1963,DIRECTING,FALSE,Federico Fellini's 8-1/2
1963,DIRECTING,FALSE,Hud
1963,DIRECTING,TRUE,Tom Jones
1963,FOREIGN LANGUAGE FILM,TRUE,Federico Fellini's 8-1/2
1963,FOREIGN LANGUAGE FILM,FALSE,Knife in the Water
1963,FOREIGN LANGUAGE FILM,FALSE,Los Tarantos
1963,FOREIGN LANGUAGE FILM,FALSE,The Red Lanterns
1963,FOREIGN LANGUAGE FILM,FALSE,Twin Sisters of Kyoto
1963,BEST PICTURE,FALSE,America America
1963,BEST PICTURE,FALSE,Cleopatra
1963,BEST PICTURE,FALSE,How the West Was Won
1963,BEST PICTURE,FALSE,Lilies of the Field
1963,BEST PICTURE,TRUE,Tom Jones
1964,DIRECTING,FALSE,Becket
1964,DIRECTING,FALSE,Dr. Strangelove or: How I Learned to Stop Worrying and Love the Bomb
1964,DIRECTING,FALSE,Mary Poppins
1964,DIRECTING,TRUE,My Fair Lady
1964,DIRECTING,FALSE,Zorba the Greek
1964,FOREIGN LANGUAGE FILM,FALSE,Raven's End
1964,FOREIGN LANGUAGE FILM,FALSE,Sallah
1964,FOREIGN LANGUAGE FILM,FALSE,The Umbrellas of Cherbourg
1964,FOREIGN LANGUAGE FILM,FALSE,Woman in the Dunes
1964,FOREIGN LANGUAGE FILM,TRUE,"Yesterday, Today and Tomorrow"
1964,BEST PICTURE,FALSE,Becket
1964,BEST PICTURE,FALSE,Dr. Strangelove or: How I Learned to Stop Worrying and Love the Bomb
1964,BEST PICTURE,FALSE,Mary Poppins
1964,BEST PICTURE,TRUE,My Fair Lady
1964,BEST PICTURE,FALSE,Zorba the Greek
1965,DIRECTING,FALSE,The Collector
1965,DIRECTING,FALSE,Darling
1965,DIRECTING,FALSE,Doctor Zhivago
1965,DIRECTING,TRUE,The Sound of Music
1965,DIRECTING,FALSE,Woman in the Dunes
1965,FOREIGN LANGUAGE FILM,FALSE,Blood on the Land
1965,FOREIGN LANGUAGE FILM,FALSE,Dear John
1965,FOREIGN LANGUAGE FILM,FALSE,Kwaidan
1965,FOREIGN LANGUAGE FILM,FALSE,Marriage Italian Style
1965,FOREIGN LANGUAGE FILM,TRUE,The Shop on Main Street
1965,BEST PICTURE,FALSE,Darling
1965,BEST PICTURE,FALSE,Doctor Zhivago
1965,BEST PICTURE,FALSE,Ship of Fools
1965,BEST PICTURE,TRUE,The Sound of Music
1965,BEST PICTURE,FALSE,A Thousand Clowns
1966,DIRECTING,FALSE,Blow-Up
1966,DIRECTING,FALSE,A Man and a Woman
1966,DIRECTING,TRUE,A Man for All Seasons
1966,DIRECTING,FALSE,The Professionals
1966,DIRECTING,FALSE,Who's Afraid of Virginia Woolf?
1966,FOREIGN LANGUAGE FILM,FALSE,The Battle of Algiers
1966,FOREIGN LANGUAGE FILM,FALSE,Loves of a Blonde
1966,FOREIGN LANGUAGE FILM,TRUE,A Man and a Woman
1966,FOREIGN LANGUAGE FILM,FALSE,Pharaoh
1966,FOREIGN LANGUAGE FILM,FALSE,Three
1966,BEST PICTURE,FALSE,Alfie
1966,BEST PICTURE,TRUE,A Man for All Seasons
1966,BEST PICTURE,FALSE,The Russians Are Coming The Russians Are Coming
1966,BEST PICTURE,FALSE,The Sand Pebbles
1966,BEST PICTURE,FALSE,Who's Afraid of Virginia Woolf?
1967,DIRECTING,FALSE,Bonnie and Clyde
1967,DIRECTING,TRUE,The Graduate
1967,DIRECTING,FALSE,Guess Who's Coming to Dinner
1967,DIRECTING,FALSE,In Cold Blood
1967,DIRECTING,FALSE,In the Heat of the Night
1967,FOREIGN LANGUAGE FILM,TRUE,Closely Watched Trains
1967,FOREIGN LANGUAGE FILM,FALSE,El Amor Brujo
1967,FOREIGN LANGUAGE FILM,FALSE,I Even Met Happy Gypsies
1967,FOREIGN LANGUAGE FILM,FALSE,Live for Life
1967,FOREIGN LANGUAGE FILM,FALSE,Portrait of Chieko
1967,BEST PICTURE,FALSE,Bonnie and Clyde
1967,BEST PICTURE,FALSE,Doctor Dolittle
1967,BEST PICTURE,FALSE,The Graduate
1967,BEST PICTURE,FALSE,Guess Who's Coming to Dinner
1967,BEST PICTURE,TRUE,In the Heat of the Night
1968,DIRECTING,FALSE,The Battle of Algiers
1968,DIRECTING,FALSE,The Lion in Winter
1968,DIRECTING,TRUE,Oliver!
1968,DIRECTING,FALSE,Romeo and Juliet
1968,DIRECTING,FALSE,2001: A Space Odyssey
1968,FOREIGN LANGUAGE FILM,FALSE,The Boys of Paul Street
1968,FOREIGN LANGUAGE FILM,FALSE,The Firemen's Ball
1968,FOREIGN LANGUAGE FILM,FALSE,The Girl with the Pistol
1968,FOREIGN LANGUAGE FILM,FALSE,Stolen Kisses
1968,FOREIGN LANGUAGE FILM,TRUE,War and Peace
1968,BEST PICTURE,FALSE,Funny Girl
1968,BEST PICTURE,FALSE,The Lion in Winter
1968,BEST PICTURE,TRUE,Oliver!
1968,BEST PICTURE,FALSE,"Rachel, Rachel"
1968,BEST PICTURE,FALSE,Romeo and Juliet
1969,DIRECTING,FALSE,Alice's Restaurant
1969,DIRECTING,FALSE,Butch Cassidy and the Sundance Kid
1969,DIRECTING,TRUE,Midnight Cowboy
1969,DIRECTING,FALSE,"They Shoot Horses, Don't They?"
1969,DIRECTING,FALSE,Z
1969,FOREIGN LANGUAGE FILM,FALSE,ýýdalen '31
1969,FOREIGN LANGUAGE FILM,FALSE,The Battle of Neretva
1969,FOREIGN LANGUAGE FILM,FALSE,The Brothers Karamazov
1969,FOREIGN LANGUAGE FILM,FALSE,My Night at Maud's
1969,FOREIGN LANGUAGE FILM,TRUE,Z
1969,BEST PICTURE,FALSE,Anne of the Thousand Days
1969,BEST PICTURE,FALSE,Butch Cassidy and the Sundance Kid
1969,BEST PICTURE,FALSE,"Hello, Dolly!"
1969,BEST PICTURE,TRUE,Midnight Cowboy
1969,BEST PICTURE,FALSE,Z
1970,DIRECTING,FALSE,Fellini Satyricon
1970,DIRECTING,FALSE,Love Story
1970,DIRECTING,FALSE,M*A*S*H
1970,DIRECTING,TRUE,Patton
1970,DIRECTING,FALSE,Women in Love
1970,FOREIGN LANGUAGE FILM,FALSE,First Love
1970,FOREIGN LANGUAGE FILM,FALSE,Hoa-Binh
1970,FOREIGN LANGUAGE FILM,TRUE,Investigation of a Citizen above Suspicion
1970,FOREIGN LANGUAGE FILM,FALSE,Paix Sur Les Champs
1970,FOREIGN LANGUAGE FILM,FALSE,Tristana
1970,BEST PICTURE,FALSE,Airport
1970,BEST PICTURE,FALSE,Five Easy Pieces
1970,BEST PICTURE,FALSE,Love Story
1970,BEST PICTURE,FALSE,M*A*S*H
1970,BEST PICTURE,TRUE,Patton
1971,DIRECTING,FALSE,A Clockwork Orange
1971,DIRECTING,FALSE,Fiddler on the Roof
1971,DIRECTING,TRUE,The French Connection
1971,DIRECTING,FALSE,The Last Picture Show
1971,DIRECTING,FALSE,Sunday Bloody Sunday
1971,FOREIGN LANGUAGE FILM,FALSE,Dodes'ka-Den
1971,FOREIGN LANGUAGE FILM,FALSE,The Emigrants
1971,FOREIGN LANGUAGE FILM,TRUE,The Garden of the Finzi Continis
1971,FOREIGN LANGUAGE FILM,FALSE,The Policeman
1971,FOREIGN LANGUAGE FILM,FALSE,Tchaikovsky
1971,BEST PICTURE,FALSE,A Clockwork Orange
1971,BEST PICTURE,FALSE,Fiddler on the Roof
1971,BEST PICTURE,TRUE,The French Connection
1971,BEST PICTURE,FALSE,The Last Picture Show
1971,BEST PICTURE,FALSE,Nicholas and Alexandra
1972,DIRECTING,TRUE,Cabaret
1972,DIRECTING,FALSE,Deliverance
1972,DIRECTING,FALSE,The Emigrants
1972,DIRECTING,FALSE,The Godfather
1972,DIRECTING,FALSE,Sleuth
1972,FOREIGN LANGUAGE FILM,FALSE,The Dawns Here Are Quiet
1972,FOREIGN LANGUAGE FILM,TRUE,The Discreet Charm of the Bourgeoisie
1972,FOREIGN LANGUAGE FILM,FALSE,I Love You Rosa
1972,FOREIGN LANGUAGE FILM,FALSE,The New Land
1972,BEST PICTURE,FALSE,Cabaret
1972,BEST PICTURE,FALSE,Deliverance
1972,BEST PICTURE,FALSE,The Emigrants
1972,BEST PICTURE,TRUE,The Godfather
1972,BEST PICTURE,FALSE,Sounder
1973,DIRECTING,FALSE,American Graffiti
1973,DIRECTING,FALSE,Cries and Whispers
1973,DIRECTING,FALSE,The Exorcist
1973,DIRECTING,FALSE,Last Tango in Paris
1973,DIRECTING,TRUE,The Sting
1973,FOREIGN LANGUAGE FILM,TRUE,Day for Night
1973,FOREIGN LANGUAGE FILM,FALSE,The House on Chelouche Street
1973,FOREIGN LANGUAGE FILM,FALSE,L'Invitation
1973,FOREIGN LANGUAGE FILM,FALSE,The Pedestrian
1973,FOREIGN LANGUAGE FILM,FALSE,Turkish Delight
1973,BEST PICTURE,FALSE,American Graffiti
1973,BEST PICTURE,FALSE,Cries and Whispers
1973,BEST PICTURE,FALSE,The Exorcist
1973,BEST PICTURE,TRUE,The Sting
1973,BEST PICTURE,FALSE,A Touch of Class
1974,DIRECTING,FALSE,Chinatown
1974,DIRECTING,FALSE,Day for Night
1974,DIRECTING,TRUE,The Godfather Part II
1974,DIRECTING,FALSE,Lenny
1974,DIRECTING,FALSE,A Woman under the Influence
1974,FOREIGN LANGUAGE FILM,TRUE,Amarcord
1974,FOREIGN LANGUAGE FILM,FALSE,Cats' Play
1974,FOREIGN LANGUAGE FILM,FALSE,The Deluge
1974,FOREIGN LANGUAGE FILM,FALSE,"Lacombe, Lucien"
1974,FOREIGN LANGUAGE FILM,FALSE,The Truce
1974,BEST PICTURE,FALSE,Chinatown
1974,BEST PICTURE,FALSE,The Conversation
1974,BEST PICTURE,TRUE,The Godfather Part II
1974,BEST PICTURE,FALSE,Lenny
1974,BEST PICTURE,FALSE,The Towering Inferno
1975,DIRECTING,FALSE,Amarcord
1975,DIRECTING,FALSE,Barry Lyndon
1975,DIRECTING,FALSE,Dog Day Afternoon
1975,DIRECTING,FALSE,Nashville
1975,DIRECTING,TRUE,One Flew over the Cuckoo's Nest
1975,FOREIGN LANGUAGE FILM,TRUE,Dersu Uzala
1975,FOREIGN LANGUAGE FILM,FALSE,Land of Promise
1975,FOREIGN LANGUAGE FILM,FALSE,Letters from Marusia
1975,FOREIGN LANGUAGE FILM,FALSE,Sandakan No. 8
1975,FOREIGN LANGUAGE FILM,FALSE,Scent of a Woman
1975,BEST PICTURE,FALSE,Barry Lyndon
1975,BEST PICTURE,FALSE,Dog Day Afternoon
1975,BEST PICTURE,FALSE,Jaws
1975,BEST PICTURE,FALSE,Nashville
1975,BEST PICTURE,TRUE,One Flew over the Cuckoo's Nest
1976,DIRECTING,FALSE,All the President's Men
1976,DIRECTING,FALSE,Face to Face
1976,DIRECTING,FALSE,Network
1976,DIRECTING,TRUE,Rocky
1976,DIRECTING,FALSE,Seven Beauties
1976,FOREIGN LANGUAGE FILM,TRUE,Black and White in Color
1976,FOREIGN LANGUAGE FILM,FALSE,"Cousin, Cousine"
1976,FOREIGN LANGUAGE FILM,FALSE,"Jacob, the Liar"
1976,FOREIGN LANGUAGE FILM,FALSE,Nights and Days
1976,FOREIGN LANGUAGE FILM,FALSE,Seven Beauties
1976,BEST PICTURE,FALSE,All the President's Men
1976,BEST PICTURE,FALSE,Bound for Glory
1976,BEST PICTURE,FALSE,Network
1976,BEST PICTURE,TRUE,Rocky
1976,BEST PICTURE,FALSE,Taxi Driver
1977,DIRECTING,TRUE,Annie Hall
1977,DIRECTING,FALSE,Close Encounters of the Third Kind
1977,DIRECTING,FALSE,Julia
1977,DIRECTING,FALSE,Star Wars
1977,DIRECTING,FALSE,The Turning Point
1977,FOREIGN LANGUAGE FILM,FALSE,Iphigenia
1977,FOREIGN LANGUAGE FILM,TRUE,Madame Rosa
1977,FOREIGN LANGUAGE FILM,FALSE,Operation Thunderbolt
1977,FOREIGN LANGUAGE FILM,FALSE,A Special Day
1977,FOREIGN LANGUAGE FILM,FALSE,That Obscure Object of Desire
1977,BEST PICTURE,TRUE,Annie Hall
1977,BEST PICTURE,FALSE,The Goodbye Girl
1977,BEST PICTURE,FALSE,Julia
1977,BEST PICTURE,FALSE,Star Wars
1977,BEST PICTURE,FALSE,The Turning Point
1978,DIRECTING,FALSE,Coming Home
1978,DIRECTING,TRUE,The Deer Hunter
1978,DIRECTING,FALSE,Heaven Can Wait
1978,DIRECTING,FALSE,Interiors
1978,DIRECTING,FALSE,Midnight Express
1978,FOREIGN LANGUAGE FILM,TRUE,Get Out Your Handkerchiefs
1978,FOREIGN LANGUAGE FILM,FALSE,The Glass Cell
1978,FOREIGN LANGUAGE FILM,FALSE,Hungarians
1978,FOREIGN LANGUAGE FILM,FALSE,Viva Italia!
1978,FOREIGN LANGUAGE FILM,FALSE,White Bim Black Ear
1978,BEST PICTURE,FALSE,Coming Home
1978,BEST PICTURE,TRUE,The Deer Hunter
1978,BEST PICTURE,FALSE,Heaven Can Wait
1978,BEST PICTURE,FALSE,Midnight Express
1978,BEST PICTURE,FALSE,An Unmarried Woman
1979,DIRECTING,FALSE,All That Jazz
1979,DIRECTING,FALSE,Apocalypse Now
1979,DIRECTING,FALSE,Breaking Away
1979,DIRECTING,TRUE,Kramer vs. Kramer
1979,DIRECTING,FALSE,La Cage aux Folles
1979,FOREIGN LANGUAGE FILM,FALSE,The Maids of Wilko
1979,FOREIGN LANGUAGE FILM,FALSE,Mama Turns a Hundred
1979,FOREIGN LANGUAGE FILM,FALSE,A Simple Story
1979,FOREIGN LANGUAGE FILM,TRUE,The Tin Drum
1979,FOREIGN LANGUAGE FILM,FALSE,To Forget Venice
1979,BEST PICTURE,FALSE,All That Jazz
1979,BEST PICTURE,FALSE,Apocalypse Now
1979,BEST PICTURE,FALSE,Breaking Away
1979,BEST PICTURE,TRUE,Kramer vs. Kramer
1979,BEST PICTURE,FALSE,Norma Rae
1980,DIRECTING,FALSE,The Elephant Man
1980,DIRECTING,TRUE,Ordinary People
1980,DIRECTING,FALSE,Raging Bull
1980,DIRECTING,FALSE,The Stunt Man
1980,DIRECTING,FALSE,Tess
1980,FOREIGN LANGUAGE FILM,FALSE,Confidence
1980,FOREIGN LANGUAGE FILM,FALSE,Kagemusha (The Shadow Warrior)
1980,FOREIGN LANGUAGE FILM,FALSE,The Last Metro
1980,FOREIGN LANGUAGE FILM,TRUE,Moscow Does Not Believe in Tears
1980,FOREIGN LANGUAGE FILM,FALSE,The Nest
1980,BEST PICTURE,FALSE,Coal Miner's Daughter
1980,BEST PICTURE,FALSE,The Elephant Man
1980,BEST PICTURE,TRUE,Ordinary People
1980,BEST PICTURE,FALSE,Raging Bull
1980,BEST PICTURE,FALSE,Tess
1981,DIRECTING,FALSE,Atlantic City
1981,DIRECTING,FALSE,Chariots of Fire
1981,DIRECTING,FALSE,On Golden Pond
1981,DIRECTING,FALSE,Raiders of the Lost Ark
1981,DIRECTING,TRUE,Reds
1981,FOREIGN LANGUAGE FILM,FALSE,The Boat Is Full
1981,FOREIGN LANGUAGE FILM,FALSE,Man of Iron
1981,FOREIGN LANGUAGE FILM,TRUE,Mephisto
1981,FOREIGN LANGUAGE FILM,FALSE,Muddy River
1981,FOREIGN LANGUAGE FILM,FALSE,Three Brothers
1981,BEST PICTURE,FALSE,Atlantic City
1981,BEST PICTURE,TRUE,Chariots of Fire
1981,BEST PICTURE,FALSE,On Golden Pond
1981,BEST PICTURE,FALSE,Raiders of the Lost Ark
1981,BEST PICTURE,FALSE,Reds
1982,DIRECTING,FALSE,Das Boot
1982,DIRECTING,FALSE,E.T. The Extra-Terrestrial
1982,DIRECTING,TRUE,Gandhi
1982,DIRECTING,FALSE,Tootsie
1982,DIRECTING,FALSE,The Verdict
1982,FOREIGN LANGUAGE FILM,FALSE,Alsino and the Condor
1982,FOREIGN LANGUAGE FILM,FALSE,Coup de Torchon ('Clean Slate')
1982,FOREIGN LANGUAGE FILM,FALSE,The Flight of the Eagle
1982,FOREIGN LANGUAGE FILM,FALSE,Private Life
1982,FOREIGN LANGUAGE FILM,TRUE,Volver a Empezar ('To Begin Again')
1982,BEST PICTURE,FALSE,E.T. The Extra-Terrestrial
1982,BEST PICTURE,TRUE,Gandhi
1982,BEST PICTURE,FALSE,Missing
1982,BEST PICTURE,FALSE,Tootsie
1982,BEST PICTURE,FALSE,The Verdict
1983,DIRECTING,FALSE,The Dresser
1983,DIRECTING,FALSE,Fanny & Alexander
1983,DIRECTING,FALSE,Silkwood
1983,DIRECTING,FALSE,Tender Mercies
1983,DIRECTING,TRUE,Terms of Endearment
1983,FOREIGN LANGUAGE FILM,FALSE,Carmen
1983,FOREIGN LANGUAGE FILM,FALSE,Entre Nous
1983,FOREIGN LANGUAGE FILM,TRUE,Fanny & Alexander
1983,FOREIGN LANGUAGE FILM,FALSE,Job's Revolt
1983,FOREIGN LANGUAGE FILM,FALSE,Le Bal
1983,BEST PICTURE,FALSE,The Big Chill
1983,BEST PICTURE,FALSE,The Dresser
1983,BEST PICTURE,FALSE,The Right Stuff
1983,BEST PICTURE,FALSE,Tender Mercies
1983,BEST PICTURE,TRUE,Terms of Endearment
1984,DIRECTING,TRUE,Amadeus
1984,DIRECTING,FALSE,Broadway Danny Rose
1984,DIRECTING,FALSE,The Killing Fields
1984,DIRECTING,FALSE,A Passage to India
1984,DIRECTING,FALSE,Places in the Heart
1984,FOREIGN LANGUAGE FILM,FALSE,Beyond the Walls
1984,FOREIGN LANGUAGE FILM,FALSE,Camila
1984,FOREIGN LANGUAGE FILM,TRUE,Dangerous Moves
1984,FOREIGN LANGUAGE FILM,FALSE,Double Feature
1984,FOREIGN LANGUAGE FILM,FALSE,Wartime Romance
1984,BEST PICTURE,TRUE,Amadeus
1984,BEST PICTURE,FALSE,The Killing Fields
1984,BEST PICTURE,FALSE,A Passage to India
1984,BEST PICTURE,FALSE,Places in the Heart
1984,BEST PICTURE,FALSE,A Soldier's Story
1985,DIRECTING,FALSE,Kiss of the Spider Woman
1985,DIRECTING,TRUE,Out of Africa
1985,DIRECTING,FALSE,Prizzi's Honor
1985,DIRECTING,FALSE,Ran
1985,DIRECTING,FALSE,Witness
1985,FOREIGN LANGUAGE FILM,FALSE,Angry Harvest
1985,FOREIGN LANGUAGE FILM,FALSE,Colonel Redl
1985,FOREIGN LANGUAGE FILM,TRUE,The Official Story
1985,FOREIGN LANGUAGE FILM,FALSE,Three Men and a Cradle
1985,FOREIGN LANGUAGE FILM,FALSE,When Father Was Away on Business
1985,BEST PICTURE,FALSE,The Color Purple
1985,BEST PICTURE,FALSE,Kiss of the Spider Woman
1985,BEST PICTURE,TRUE,Out of Africa
1985,BEST PICTURE,FALSE,Prizzi's Honor
1985,BEST PICTURE,FALSE,Witness
1986,DIRECTING,FALSE,Blue Velvet
1986,DIRECTING,FALSE,Hannah and Her Sisters
1986,DIRECTING,FALSE,The Mission
1986,DIRECTING,TRUE,Platoon
1986,DIRECTING,FALSE,A Room with a View
1986,FOREIGN LANGUAGE FILM,TRUE,The Assault
1986,FOREIGN LANGUAGE FILM,FALSE,Betty Blue
1986,FOREIGN LANGUAGE FILM,FALSE,The Decline of the American Empire
1986,FOREIGN LANGUAGE FILM,FALSE,My Sweet Little Village
1986,FOREIGN LANGUAGE FILM,FALSE,'38'
1986,BEST PICTURE,FALSE,Children of a Lesser God
1986,BEST PICTURE,FALSE,Hannah and Her Sisters
1986,BEST PICTURE,FALSE,The Mission
1986,BEST PICTURE,TRUE,Platoon
1986,BEST PICTURE,FALSE,A Room with a View
1987,DIRECTING,FALSE,Fatal Attraction
1987,DIRECTING,FALSE,Hope and Glory
1987,DIRECTING,TRUE,The Last Emperor
1987,DIRECTING,FALSE,Moonstruck
1987,DIRECTING,FALSE,My Life as a Dog
1987,FOREIGN LANGUAGE FILM,FALSE,"Au Revoir Les Enfants (Goodbye, Children)"
1987,FOREIGN LANGUAGE FILM,TRUE,Babette's Feast
1987,FOREIGN LANGUAGE FILM,FALSE,Course Completed
1987,FOREIGN LANGUAGE FILM,FALSE,The Family
1987,FOREIGN LANGUAGE FILM,FALSE,Pathfinder
1987,BEST PICTURE,FALSE,Broadcast News
1987,BEST PICTURE,FALSE,Fatal Attraction
1987,BEST PICTURE,FALSE,Hope and Glory
1987,BEST PICTURE,TRUE,The Last Emperor
1987,BEST PICTURE,FALSE,Moonstruck
1988,DIRECTING,FALSE,A Fish Called Wanda
1988,DIRECTING,FALSE,The Last Temptation of Christ
1988,DIRECTING,FALSE,Mississippi Burning
1988,DIRECTING,TRUE,Rain Man
1988,DIRECTING,FALSE,Working Girl
1988,FOREIGN LANGUAGE FILM,FALSE,Hanussen
1988,FOREIGN LANGUAGE FILM,FALSE,The Music Teacher
1988,FOREIGN LANGUAGE FILM,TRUE,Pelle the Conqueror
1988,FOREIGN LANGUAGE FILM,FALSE,Salaam Bombay!
1988,FOREIGN LANGUAGE FILM,FALSE,Women on the Verge of a Nervous Breakdown
1988,BEST PICTURE,FALSE,The Accidental Tourist
1988,BEST PICTURE,FALSE,Dangerous Liaisons
1988,BEST PICTURE,FALSE,Mississippi Burning
1988,BEST PICTURE,TRUE,Rain Man
1988,BEST PICTURE,FALSE,Working Girl
1989,DIRECTING,TRUE,Born on the Fourth of July
1989,DIRECTING,FALSE,Crimes and Misdemeanors
1989,DIRECTING,FALSE,Dead Poets Society
1989,DIRECTING,FALSE,Henry V
1989,DIRECTING,FALSE,My Left Foot
1989,FOREIGN LANGUAGE FILM,FALSE,Camille Claudel
1989,FOREIGN LANGUAGE FILM,TRUE,Cinema Paradiso
1989,FOREIGN LANGUAGE FILM,FALSE,Jesus of Montreal
1989,FOREIGN LANGUAGE FILM,FALSE,Waltzing Regitze
1989,FOREIGN LANGUAGE FILM,FALSE,What Happened to Santiago
1989,BEST PICTURE,FALSE,Born on the Fourth of July
1989,BEST PICTURE,FALSE,Dead Poets Society
1989,BEST PICTURE,TRUE,Driving Miss Daisy
1989,BEST PICTURE,FALSE,Field of Dreams
1989,BEST PICTURE,FALSE,My Left Foot
1990,DIRECTING,TRUE,Dances With Wolves
1990,DIRECTING,FALSE,"The Godfather, Part III"
1990,DIRECTING,FALSE,Good Fellas
1990,DIRECTING,FALSE,The Grifters
1990,DIRECTING,FALSE,Reversal of Fortune
1990,FOREIGN LANGUAGE FILM,FALSE,Cyrano de Bergerac
1990,FOREIGN LANGUAGE FILM,TRUE,Journey of Hope
1990,FOREIGN LANGUAGE FILM,FALSE,Ju Dou
1990,FOREIGN LANGUAGE FILM,FALSE,The Nasty Girl
1990,FOREIGN LANGUAGE FILM,FALSE,Open Doors
1990,BEST PICTURE,FALSE,Awakenings
1990,BEST PICTURE,TRUE,Dances With Wolves
1990,BEST PICTURE,FALSE,Ghost
1990,BEST PICTURE,FALSE,"The Godfather, Part III"
1990,BEST PICTURE,FALSE,Good Fellas
1991,DIRECTING,FALSE,Boyz N the Hood
1991,DIRECTING,FALSE,Bugsy
1991,DIRECTING,FALSE,JFK
1991,DIRECTING,TRUE,The Silence of the Lambs
1991,DIRECTING,FALSE,Thelma & Louise
1991,FOREIGN LANGUAGE FILM,FALSE,Children of Nature
1991,FOREIGN LANGUAGE FILM,FALSE,The Elementary School
1991,FOREIGN LANGUAGE FILM,TRUE,Mediterraneo
1991,FOREIGN LANGUAGE FILM,FALSE,The Ox
1991,FOREIGN LANGUAGE FILM,FALSE,Raise the Red Lantern
1991,BEST PICTURE,FALSE,Beauty and the Beast
1991,BEST PICTURE,FALSE,Bugsy
1991,BEST PICTURE,FALSE,JFK
1991,BEST PICTURE,FALSE,The Prince of Tides
1991,BEST PICTURE,TRUE,The Silence of the Lambs
1992,DIRECTING,FALSE,The Crying Game
1992,DIRECTING,FALSE,Howards End
1992,DIRECTING,FALSE,The Player
1992,DIRECTING,FALSE,Scent of a Woman
1992,DIRECTING,TRUE,Unforgiven
1992,FOREIGN LANGUAGE FILM,FALSE,Close to Eden
1992,FOREIGN LANGUAGE FILM,FALSE,Daens
1992,FOREIGN LANGUAGE FILM,TRUE,Indochine
1992,FOREIGN LANGUAGE FILM,FALSE,A Place in the World
1992,FOREIGN LANGUAGE FILM,FALSE,Schtonk!
1992,BEST PICTURE,FALSE,The Crying Game
1992,BEST PICTURE,FALSE,A Few Good Men
1992,BEST PICTURE,FALSE,Howards End
1992,BEST PICTURE,FALSE,Scent of a Woman
1992,BEST PICTURE,TRUE,Unforgiven
1993,DIRECTING,FALSE,In the Name of the Father
1993,DIRECTING,FALSE,The Piano
1993,DIRECTING,FALSE,The Remains of the Day
1993,DIRECTING,TRUE,Schindler's List
1993,DIRECTING,FALSE,Short Cuts
1993,FOREIGN LANGUAGE FILM,TRUE,Belle Epoque
1993,FOREIGN LANGUAGE FILM,FALSE,Farewell My Concubine
1993,FOREIGN LANGUAGE FILM,FALSE,Hedd Wyn
1993,FOREIGN LANGUAGE FILM,FALSE,The Scent of Green Papaya
1993,FOREIGN LANGUAGE FILM,FALSE,The Wedding Banquet
1993,BEST PICTURE,FALSE,The Fugitive
1993,BEST PICTURE,FALSE,In the Name of the Father
1993,BEST PICTURE,FALSE,The Piano
1993,BEST PICTURE,FALSE,The Remains of the Day
1993,BEST PICTURE,TRUE,Schindler's List
1994,DIRECTING,FALSE,Bullets over Broadway
1994,DIRECTING,TRUE,Forrest Gump
1994,DIRECTING,FALSE,Pulp Fiction
1994,DIRECTING,FALSE,Quiz Show
1994,DIRECTING,FALSE,Red
1994,FOREIGN LANGUAGE FILM,FALSE,Before the Rain
1994,FOREIGN LANGUAGE FILM,TRUE,Burnt by the Sun
1994,FOREIGN LANGUAGE FILM,FALSE,Eat Drink Man Woman
1994,FOREIGN LANGUAGE FILM,FALSE,Farinelli: Il Castrato
1994,FOREIGN LANGUAGE FILM,FALSE,Strawberry and Chocolate
1994,BEST PICTURE,TRUE,Forrest Gump
1994,BEST PICTURE,FALSE,Four Weddings and a Funeral
1994,BEST PICTURE,FALSE,Pulp Fiction
1994,BEST PICTURE,FALSE,Quiz Show
1994,BEST PICTURE,FALSE,The Shawshank Redemption
1995,DIRECTING,FALSE,Babe
1995,DIRECTING,TRUE,Braveheart
1995,DIRECTING,FALSE,Dead Man Walking
1995,DIRECTING,FALSE,Leaving Las Vegas
1995,DIRECTING,FALSE,The Postman (Il Postino)
1995,FOREIGN LANGUAGE FILM,FALSE,All Things Fair
1995,FOREIGN LANGUAGE FILM,TRUE,Antonia's Line
1995,FOREIGN LANGUAGE FILM,FALSE,Dust of Life
1995,FOREIGN LANGUAGE FILM,FALSE,O Quatrilho
1995,FOREIGN LANGUAGE FILM,FALSE,The Star Maker
1995,BEST PICTURE,FALSE,Apollo 13
1995,BEST PICTURE,FALSE,Babe
1995,BEST PICTURE,TRUE,Braveheart
1995,BEST PICTURE,FALSE,The Postman (Il Postino)
1995,BEST PICTURE,FALSE,Sense and Sensibility
1996,DIRECTING,TRUE,The English Patient
1996,DIRECTING,FALSE,Fargo
1996,DIRECTING,FALSE,The People vs. Larry Flynt
1996,DIRECTING,FALSE,Secrets & Lies
1996,DIRECTING,FALSE,Shine
1996,FOREIGN LANGUAGE FILM,FALSE,A Chef in Love
1996,FOREIGN LANGUAGE FILM,TRUE,Kolya
1996,FOREIGN LANGUAGE FILM,FALSE,The Other Side of Sunday
1996,FOREIGN LANGUAGE FILM,FALSE,Prisoner of the Mountains
1996,FOREIGN LANGUAGE FILM,FALSE,Ridicule
1996,BEST PICTURE,TRUE,The English Patient
1996,BEST PICTURE,FALSE,Fargo
1996,BEST PICTURE,FALSE,Jerry Maguire
1996,BEST PICTURE,FALSE,Secrets & Lies
1996,BEST PICTURE,FALSE,Shine
1997,DIRECTING,FALSE,The Full Monty
1997,DIRECTING,FALSE,Good Will Hunting
1997,DIRECTING,FALSE,L.A. Confidential
1997,DIRECTING,FALSE,The Sweet Hereafter
1997,DIRECTING,TRUE,Titanic
1997,FOREIGN LANGUAGE FILM,FALSE,Beyond Silence
1997,FOREIGN LANGUAGE FILM,TRUE,Character
1997,FOREIGN LANGUAGE FILM,FALSE,Four Days in September
1997,FOREIGN LANGUAGE FILM,FALSE,Secrets of the Heart
1997,FOREIGN LANGUAGE FILM,FALSE,The Thief
1997,BEST PICTURE,FALSE,As Good as It Gets
1997,BEST PICTURE,FALSE,The Full Monty
1997,BEST PICTURE,FALSE,Good Will Hunting
1997,BEST PICTURE,FALSE,L.A. Confidential
1997,BEST PICTURE,TRUE,Titanic
1998,DIRECTING,FALSE,Life Is Beautiful
1998,DIRECTING,TRUE,Saving Private Ryan
1998,DIRECTING,FALSE,Shakespeare in Love
1998,DIRECTING,FALSE,The Thin Red Line
1998,DIRECTING,FALSE,The Truman Show
1998,FOREIGN LANGUAGE FILM,FALSE,Central Station
1998,FOREIGN LANGUAGE FILM,FALSE,Children of Heaven
1998,FOREIGN LANGUAGE FILM,FALSE,The Grandfather
1998,FOREIGN LANGUAGE FILM,TRUE,Life Is Beautiful
1998,FOREIGN LANGUAGE FILM,FALSE,Tango
1998,BEST PICTURE,FALSE,Elizabeth
1998,BEST PICTURE,FALSE,Life Is Beautiful
1998,BEST PICTURE,FALSE,Saving Private Ryan
1998,BEST PICTURE,TRUE,Shakespeare in Love
1998,BEST PICTURE,FALSE,The Thin Red Line
1999,DIRECTING,TRUE,American Beauty
1999,DIRECTING,FALSE,Being John Malkovich
1999,DIRECTING,FALSE,The Cider House Rules
1999,DIRECTING,FALSE,The Insider
1999,DIRECTING,FALSE,The Sixth Sense
1999,FOREIGN LANGUAGE FILM,TRUE,All about My Mother
1999,FOREIGN LANGUAGE FILM,FALSE,Caravan
1999,FOREIGN LANGUAGE FILM,FALSE,East-West
1999,FOREIGN LANGUAGE FILM,FALSE,Solomon and Gaenor
1999,FOREIGN LANGUAGE FILM,FALSE,Under the Sun
1999,BEST PICTURE,TRUE,American Beauty
1999,BEST PICTURE,FALSE,The Cider House Rules
1999,BEST PICTURE,FALSE,The Green Mile
1999,BEST PICTURE,FALSE,The Insider
1999,BEST PICTURE,FALSE,The Sixth Sense
2000,DIRECTING,FALSE,Billy Elliot
2000,DIRECTING,FALSE,"Crouching Tiger, Hidden Dragon"
2000,DIRECTING,FALSE,Erin Brockovich
2000,DIRECTING,FALSE,Gladiator
2000,DIRECTING,TRUE,Traffic
2000,FOREIGN LANGUAGE FILM,FALSE,Amores Perros
2000,FOREIGN LANGUAGE FILM,TRUE,"Crouching Tiger, Hidden Dragon"
2000,FOREIGN LANGUAGE FILM,FALSE,Divided We Fall
2000,FOREIGN LANGUAGE FILM,FALSE,Everybody Famous!
2000,FOREIGN LANGUAGE FILM,FALSE,The Taste of Others
2000,BEST PICTURE,FALSE,Chocolat
2000,BEST PICTURE,FALSE,"Crouching Tiger, Hidden Dragon"
2000,BEST PICTURE,FALSE,Erin Brockovich
2000,BEST PICTURE,TRUE,Gladiator
2000,BEST PICTURE,FALSE,Traffic
2001,DIRECTING,TRUE,A Beautiful Mind
2001,DIRECTING,FALSE,Black Hawk Down
2001,DIRECTING,FALSE,Gosford Park
2001,DIRECTING,FALSE,The Lord of the Rings: The Fellowship of the Ring
2001,DIRECTING,FALSE,Mulholland Drive
2001,FOREIGN LANGUAGE FILM,FALSE,Elling
2001,FOREIGN LANGUAGE FILM,FALSE,Lagaan
2001,FOREIGN LANGUAGE FILM,TRUE,No Man's Land
2001,FOREIGN LANGUAGE FILM,FALSE,Son of the Bride
2001,BEST PICTURE,TRUE,A Beautiful Mind
2001,BEST PICTURE,FALSE,Gosford Park
2001,BEST PICTURE,FALSE,In the Bedroom
2001,BEST PICTURE,FALSE,The Lord of the Rings: The Fellowship of the Ring
2001,BEST PICTURE,FALSE,Moulin Rouge
2002,DIRECTING,FALSE,Chicago
2002,DIRECTING,FALSE,Gangs of New York
2002,DIRECTING,FALSE,The Hours
2002,DIRECTING,TRUE,The Pianist
2002,DIRECTING,FALSE,Talk to Her
2002,FOREIGN LANGUAGE FILM,FALSE,El Crimen del Padre Amaro
2002,FOREIGN LANGUAGE FILM,FALSE,Hero
2002,FOREIGN LANGUAGE FILM,FALSE,The Man without a Past
2002,FOREIGN LANGUAGE FILM,TRUE,Nowhere in Africa
2002,FOREIGN LANGUAGE FILM,FALSE,Zus & Zo
2002,BEST PICTURE,TRUE,Chicago
2002,BEST PICTURE,FALSE,Gangs of New York
2002,BEST PICTURE,FALSE,The Hours
2002,BEST PICTURE,FALSE,The Lord of the Rings: The Two Towers
2002,BEST PICTURE,FALSE,The Pianist
2003,DIRECTING,FALSE,City of God
2003,DIRECTING,TRUE,The Lord of the Rings: The Return of the King
2003,DIRECTING,FALSE,Lost in Translation
2003,DIRECTING,FALSE,Master and Commander: The Far Side of the World
2003,DIRECTING,FALSE,Mystic River
2003,FOREIGN LANGUAGE FILM,TRUE,The Barbarian Invasions
2003,FOREIGN LANGUAGE FILM,FALSE,Evil
2003,FOREIGN LANGUAGE FILM,FALSE,The Twilight Samurai
2003,FOREIGN LANGUAGE FILM,FALSE,Twin Sisters
2003,FOREIGN LANGUAGE FILM,FALSE,Zelary
2003,BEST PICTURE,TRUE,The Lord of the Rings: The Return of the King
2003,BEST PICTURE,FALSE,Lost in Translation
2003,BEST PICTURE,FALSE,Master and Commander: The Far Side of the World
2003,BEST PICTURE,FALSE,Mystic River
2003,BEST PICTURE,FALSE,Seabiscuit
2004,DIRECTING,FALSE,The Aviator
2004,DIRECTING,TRUE,Million Dollar Baby
2004,DIRECTING,FALSE,Ray
2004,DIRECTING,FALSE,Sideways
2004,DIRECTING,FALSE,Vera Drake
2004,FOREIGN LANGUAGE FILM,FALSE,As It Is in Heaven
2004,FOREIGN LANGUAGE FILM,FALSE,The Chorus (Les Choristes)
2004,FOREIGN LANGUAGE FILM,FALSE,Downfall
2004,FOREIGN LANGUAGE FILM,TRUE,The Sea Inside
2004,FOREIGN LANGUAGE FILM,FALSE,Yesterday
2004,BEST PICTURE,FALSE,The Aviator
2004,BEST PICTURE,FALSE,Finding Neverland
2004,BEST PICTURE,TRUE,Million Dollar Baby
2004,BEST PICTURE,FALSE,Ray
2004,BEST PICTURE,FALSE,Sideways
2005,DIRECTING,TRUE,Brokeback Mountain
2005,DIRECTING,FALSE,Capote
2005,DIRECTING,FALSE,Crash
2005,DIRECTING,FALSE,"Good Night, and Good Luck."
2005,DIRECTING,FALSE,Munich
2005,FOREIGN LANGUAGE FILM,FALSE,Don't Tell
2005,FOREIGN LANGUAGE FILM,FALSE,Joyeux Noï¿½
2005,FOREIGN LANGUAGE FILM,FALSE,Paradise Now
2005,FOREIGN LANGUAGE FILM,FALSE,Sophie Scholl - The Final Days
2005,FOREIGN LANGUAGE FILM,TRUE,Tsotsi
2005,BEST PICTURE,FALSE,Brokeback Mountain
2005,BEST PICTURE,FALSE,Capote
2005,BEST PICTURE,TRUE,Crash
2005,BEST PICTURE,FALSE,"Good Night, and Good Luck."
2005,BEST PICTURE,FALSE,Munich
2006,DIRECTING,FALSE,Babel
2006,DIRECTING,TRUE,The Departed
2006,DIRECTING,FALSE,Letters from Iwo Jima
2006,DIRECTING,FALSE,The Queen
2006,DIRECTING,FALSE,United 93
2006,FOREIGN LANGUAGE FILM,FALSE,After the Wedding
2006,FOREIGN LANGUAGE FILM,TRUE,The Lives of Others
2006,FOREIGN LANGUAGE FILM,FALSE,Pan's Labyrinth
2006,FOREIGN LANGUAGE FILM,FALSE,Water
2006,BEST PICTURE,FALSE,Babel
2006,BEST PICTURE,TRUE,The Departed
2006,BEST PICTURE,FALSE,Letters from Iwo Jima
2006,BEST PICTURE,FALSE,Little Miss Sunshine
2006,BEST PICTURE,FALSE,The Queen
2007,DIRECTING,FALSE,The Diving Bell and the Butterfly
2007,DIRECTING,FALSE,Juno
2007,DIRECTING,FALSE,Michael Clayton
2007,DIRECTING,TRUE,No Country for Old Men
2007,DIRECTING,FALSE,There Will Be Blood
2007,FOREIGN LANGUAGE FILM,FALSE,Beaufort
2007,FOREIGN LANGUAGE FILM,TRUE,The Counterfeiters
2007,FOREIGN LANGUAGE FILM,FALSE,Katyn
2007,FOREIGN LANGUAGE FILM,FALSE,Mongol
2007,FOREIGN LANGUAGE FILM,FALSE,12
2007,BEST PICTURE,FALSE,Atonement
2007,BEST PICTURE,FALSE,Juno
2007,BEST PICTURE,FALSE,Michael Clayton
2007,BEST PICTURE,TRUE,No Country for Old Men
2007,BEST PICTURE,FALSE,There Will Be Blood
2008,DIRECTING,FALSE,The Curious Case of Benjamin Button
2008,DIRECTING,FALSE,Frost/Nixon
2008,DIRECTING,FALSE,Milk
2008,DIRECTING,FALSE,The Reader
2008,DIRECTING,TRUE,Slumdog Millionaire
2008,FOREIGN LANGUAGE FILM,FALSE,The Baader Meinhof Complex
2008,FOREIGN LANGUAGE FILM,FALSE,The Class
2008,FOREIGN LANGUAGE FILM,TRUE,Departures
2008,FOREIGN LANGUAGE FILM,FALSE,Revanche
2008,FOREIGN LANGUAGE FILM,FALSE,Waltz with Bashir
2008,BEST PICTURE,FALSE,The Curious Case of Benjamin Button
2008,BEST PICTURE,FALSE,Frost/Nixon
2008,BEST PICTURE,FALSE,Milk
2008,BEST PICTURE,FALSE,The Reader
2008,BEST PICTURE,TRUE,Slumdog Millionaire
2009,DIRECTING,FALSE,Avatar
2009,DIRECTING,TRUE,The Hurt Locker
2009,DIRECTING,FALSE,Inglourious Basterds
2009,DIRECTING,FALSE,Precious: Based on the Novel 'Push' by Sapphire
2009,DIRECTING,FALSE,Up in the Air
2009,FOREIGN LANGUAGE FILM,FALSE,Ajami
2009,FOREIGN LANGUAGE FILM,FALSE,The Milk of Sorrow
2009,FOREIGN LANGUAGE FILM,FALSE,A Prophet
2009,FOREIGN LANGUAGE FILM,TRUE,The Secret in Their Eyes
2009,FOREIGN LANGUAGE FILM,FALSE,The White Ribbon
2009,BEST PICTURE,FALSE,Avatar
2009,BEST PICTURE,FALSE,The Blind Side
2009,BEST PICTURE,FALSE,District 9
2009,BEST PICTURE,FALSE,An Education
2009,BEST PICTURE,TRUE,The Hurt Locker
2009,BEST PICTURE,FALSE,Inglourious Basterds
2009,BEST PICTURE,FALSE,Precious: Based on the Novel 'Push' by Sapphire
2009,BEST PICTURE,FALSE,A Serious Man
2009,BEST PICTURE,FALSE,Up
2009,BEST PICTURE,FALSE,Up in the Air
2010,DIRECTING,FALSE,Black Swan
2010,DIRECTING,FALSE,The Fighter
2010,DIRECTING,TRUE,The King's Speech
2010,DIRECTING,FALSE,The Social Network
2010,DIRECTING,FALSE,True Grit
2010,FOREIGN LANGUAGE FILM,FALSE,Biutiful
2010,FOREIGN LANGUAGE FILM,FALSE,Dogtooth
2010,FOREIGN LANGUAGE FILM,TRUE,In a Better World
2010,FOREIGN LANGUAGE FILM,FALSE,Incendies
2010,FOREIGN LANGUAGE FILM,FALSE,Outside the Law (Hors-la-loi)
2010,BEST PICTURE,FALSE,Black Swan
2010,BEST PICTURE,FALSE,The Fighter
2010,BEST PICTURE,FALSE,Inception
2010,BEST PICTURE,FALSE,The Kids Are All Right
2010,BEST PICTURE,TRUE,The King's Speech
2010,BEST PICTURE,FALSE,127 Hours
2010,BEST PICTURE,FALSE,The Social Network
2010,BEST PICTURE,FALSE,Toy Story 3
2010,BEST PICTURE,FALSE,True Grit
2010,BEST PICTURE,FALSE,Winter's Bone
2011,DIRECTING,TRUE,The Artist
2011,DIRECTING,FALSE,The Descendants
2011,DIRECTING,FALSE,Hugo
2011,DIRECTING,FALSE,Midnight in Paris
2011,DIRECTING,FALSE,The Tree of Life
2011,FOREIGN LANGUAGE FILM,FALSE,Bullhead
2011,FOREIGN LANGUAGE FILM,FALSE,Footnote
2011,FOREIGN LANGUAGE FILM,FALSE,In Darkness
2011,FOREIGN LANGUAGE FILM,FALSE,Monsieur Lazhar
2011,FOREIGN LANGUAGE FILM,TRUE,A Separation
2011,BEST PICTURE,TRUE,The Artist
2011,BEST PICTURE,FALSE,The Descendants
2011,BEST PICTURE,FALSE,Extremely Loud & Incredibly Close
2011,BEST PICTURE,FALSE,The Help
2011,BEST PICTURE,FALSE,Hugo
2011,BEST PICTURE,FALSE,Midnight in Paris
2011,BEST PICTURE,FALSE,Moneyball
2011,BEST PICTURE,FALSE,The Tree of Life
2011,BEST PICTURE,FALSE,War Horse
2012,DIRECTING,FALSE,Amour
2012,DIRECTING,FALSE,Beasts of the Southern Wild
2012,DIRECTING,TRUE,Life of Pi
2012,DIRECTING,FALSE,Lincoln
2012,DIRECTING,FALSE,Silver Linings Playbook
2012,FOREIGN LANGUAGE FILM,TRUE,Amour
2012,FOREIGN LANGUAGE FILM,FALSE,Kon-Tiki
2012,FOREIGN LANGUAGE FILM,FALSE,No
2012,FOREIGN LANGUAGE FILM,FALSE,A Royal Affair
2012,FOREIGN LANGUAGE FILM,FALSE,War Witch
2012,BEST PICTURE,FALSE,Amour
2012,BEST PICTURE,TRUE,Argo
2012,BEST PICTURE,FALSE,Beasts of the Southern Wild
2012,BEST PICTURE,FALSE,Django Unchained
2012,BEST PICTURE,FALSE,Life of Pi
2012,BEST PICTURE,FALSE,Lincoln
2012,BEST PICTURE,FALSE,Silver Linings Playbook
2012,BEST PICTURE,FALSE,Zero Dark Thirty
2013,DIRECTING,FALSE,American Hustle
2013,DIRECTING,TRUE,Gravity
2013,DIRECTING,FALSE,Nebraska
2013,DIRECTING,FALSE,12 Years a Slave
2013,DIRECTING,FALSE,The Wolf of Wall Street
2013,FOREIGN LANGUAGE FILM,FALSE,The Broken Circle Breakdown
2013,FOREIGN LANGUAGE FILM,TRUE,The Great Beauty
2013,FOREIGN LANGUAGE FILM,FALSE,The Hunt
2013,FOREIGN LANGUAGE FILM,FALSE,The Missing Picture
2013,FOREIGN LANGUAGE FILM,FALSE,Omar
2013,BEST PICTURE,FALSE,American Hustle
2013,BEST PICTURE,FALSE,Captain Phillips
2013,BEST PICTURE,FALSE,Dallas Buyers Club
2013,BEST PICTURE,FALSE,Gravity
2013,BEST PICTURE,FALSE,Her
2013,BEST PICTURE,FALSE,Nebraska
2013,BEST PICTURE,FALSE,Philomena
2013,BEST PICTURE,TRUE,12 Years a Slave
2013,BEST PICTURE,FALSE,The Wolf of Wall Street
2014,DIRECTING,TRUE,Birdman or (The Unexpected Virtue of Ignorance)
2014,DIRECTING,FALSE,Boyhood
2014,DIRECTING,FALSE,Foxcatcher
2014,DIRECTING,FALSE,The Grand Budapest Hotel
2014,DIRECTING,FALSE,The Imitation Game
2014,FOREIGN LANGUAGE FILM,TRUE,Ida
2014,FOREIGN LANGUAGE FILM,FALSE,Leviathan
2014,FOREIGN LANGUAGE FILM,FALSE,Tangerines
2014,FOREIGN LANGUAGE FILM,FALSE,Timbuktu
2014,FOREIGN LANGUAGE FILM,FALSE,Wild Tales
2014,BEST PICTURE,FALSE,American Sniper
2014,BEST PICTURE,TRUE,Birdman or (The Unexpected Virtue of Ignorance)
2014,BEST PICTURE,FALSE,Boyhood
2014,BEST PICTURE,FALSE,The Grand Budapest Hotel
2014,BEST PICTURE,FALSE,The Imitation Game
2014,BEST PICTURE,FALSE,Selma
2014,BEST PICTURE,FALSE,The Theory of Everything
2014,BEST PICTURE,FALSE,Whiplash
2015,DIRECTING,FALSE,The Big Short
2015,DIRECTING,FALSE,Mad Max: Fury Road
2015,DIRECTING,TRUE,The Revenant
2015,DIRECTING,FALSE,Room
2015,DIRECTING,FALSE,Spotlight
2015,FOREIGN LANGUAGE FILM,FALSE,Embrace of the Serpent
2015,FOREIGN LANGUAGE FILM,FALSE,Mustang
2015,FOREIGN LANGUAGE FILM,TRUE,Son of Saul
2015,FOREIGN LANGUAGE FILM,FALSE,Theeb
2015,FOREIGN LANGUAGE FILM,FALSE,A War
2015,BEST PICTURE,FALSE,The Big Short
2015,BEST PICTURE,FALSE,Bridge of Spies
2015,BEST PICTURE,FALSE,Brooklyn
2015,BEST PICTURE,FALSE,Mad Max: Fury Road
2015,BEST PICTURE,FALSE,The Martian
2015,BEST PICTURE,FALSE,The Revenant
2015,BEST PICTURE,FALSE,Room
2015,BEST PICTURE,TRUE,Spotlight
2016,DIRECTING,FALSE,Arrival
2016,DIRECTING,FALSE,Hacksaw Ridge
2016,DIRECTING,TRUE,La La Land
2016,DIRECTING,FALSE,Manchester by the Sea
2016,DIRECTING,FALSE,Moonlight
2016,FOREIGN LANGUAGE FILM,FALSE,Land of Mine
2016,FOREIGN LANGUAGE FILM,FALSE,A Man Called Ove
2016,FOREIGN LANGUAGE FILM,TRUE,The Salesman
2016,FOREIGN LANGUAGE FILM,FALSE,Tanna
2016,FOREIGN LANGUAGE FILM,FALSE,Toni Erdmann
2016,BEST PICTURE,FALSE,Arrival
2016,BEST PICTURE,FALSE,Fences
2016,BEST PICTURE,FALSE,Hacksaw Ridge
2016,BEST PICTURE,FALSE,Hell or High Water
2016,BEST PICTURE,FALSE,Hidden Figures
2016,BEST PICTURE,FALSE,La La Land
2016,BEST PICTURE,FALSE,Lion
2016,BEST PICTURE,FALSE,Manchester by the Sea
2016,BEST PICTURE,TRUE,Moonlight
2017,DIRECTING,FALSE,Dunkirk
2017,DIRECTING,FALSE,Get Out
2017,DIRECTING,FALSE,Lady Bird
2017,DIRECTING,FALSE,Phantom Thread
2017,DIRECTING,TRUE,The Shape of Water
2017,FOREIGN LANGUAGE FILM,TRUE,A Fantastic Woman
2017,FOREIGN LANGUAGE FILM,FALSE,The Insult
2017,FOREIGN LANGUAGE FILM,FALSE,Loveless
2017,FOREIGN LANGUAGE FILM,FALSE,On Body and Soul
2017,FOREIGN LANGUAGE FILM,FALSE,The Square
2017,BEST PICTURE,FALSE,Call Me by Your Name
2017,BEST PICTURE,FALSE,Darkest Hour
2017,BEST PICTURE,FALSE,Dunkirk
2017,BEST PICTURE,FALSE,Get Out
2017,BEST PICTURE,FALSE,Lady Bird
2017,BEST PICTURE,FALSE,Phantom Thread
2017,BEST PICTURE,FALSE,The Post
2017,BEST PICTURE,TRUE,The Shape of Water
2017,BEST PICTURE,FALSE,"Three Billboards Outside Ebbing, Missouri"
2018,DIRECTING,FALSE,VICE
2018,DIRECTING,FALSE,THE FAVOURITE
2018,DIRECTING,FALSE,COLD WAR
2018,DIRECTING,FALSE,BLACKKKLANSMAN
2018,DIRECTING,TRUE,ROMA
2018,FOREIGN LANGUAGE FILM,TRUE,ROMA
2018,FOREIGN LANGUAGE FILM,FALSE,CAPERNAUM
2018,FOREIGN LANGUAGE FILM,FALSE,COLD WAR
2018,FOREIGN LANGUAGE FILM,FALSE,NEVER LOOK AWAY
2018,FOREIGN LANGUAGE FILM,FALSE,SHOPLIFTERS
2018,BEST PICTURE,FALSE,VICE
2018,BEST PICTURE,FALSE,A STAR IS BORN
2018,BEST PICTURE,FALSE,ROMA
2018,BEST PICTURE,FALSE,THE FAVOURITE
2018,BEST PICTURE,FALSE,BOHEMIAN RHAPSODY
2018,BEST PICTURE,FALSE,BLACKKKLANSMAN
2018,BEST PICTURE,TRUE,GREEN BOOK
2018,BEST PICTURE,FALSE,BLACK PANTHER
2019,DIRECTING,FALSE,THE IRISHMAN
2019,DIRECTING,FALSE,JOKER
2019,DIRECTING,FALSE,1917
2019,DIRECTING,FALSE,ONCE UPON A TIME...IN HOLLYWOOD
2019,DIRECTING,TRUE,PARASITE
2019,FOREIGN LANGUAGE FILM,TRUE,PARASITE
2019,FOREIGN LANGUAGE FILM,FALSE,CORPUS CHRISTI
2019,FOREIGN LANGUAGE FILM,FALSE,HONEYLAND
2019,FOREIGN LANGUAGE FILM,FALSE,LES MISÉRABLES
2019,FOREIGN LANGUAGE FILM,FALSE,PAIN AND GLORY
2019,BEST PICTURE,FALSE,1917
2019,BEST PICTURE,FALSE,MARRIAGE STORY
2019,BEST PICTURE,FALSE,LITTLE WOMEN
2019,BEST PICTURE,FALSE,JOKER
2019,BEST PICTURE,FALSE,JOJO RABBIT
2019,BEST PICTURE,FALSE,THE IRISHMAN
2019,BEST PICTURE,TRUE,PARASITE
2019,BEST PICTURE,FALSE,ONCE UPON A TIME...IN HOLLYWOOD
2019,BEST PICTURE,FALSE,FORD V FERRARI
